1I,Bistec_de_diezmillo_de_res,Bistec_de_diezmillo_de_res,Bistec_de_diezmillo_de_res,Bistec_de_diezmillo_de_res,Chuleta_ahumada_de_cerdo,Chuleta_ahumada_de_cerdo,Chuleta_ahumada_de_cerdo,Chuleta_ahumada_de_cerdo,Filete_de_res,Filete_de_res,Filete_de_res,Carnes_molida_de_res,Carnes_molida_de_res,Carnes_molida_de_res,Carnes_molida_de_res,Carnes_molida_de_res,Espinazo_de_cerdo
1D,Milanesa_de_res,Milanesa_de_res,Milanesa_de_res,Milanesa_de_res,Chuleta_de_res,Pata_de_cerdo,Pata_de_cerdo,Pata_de_cerdo,Pata_de_cerdo,Pavo,Pavo,Ternera,Falda_de_res,Falda_de_res,Falda_de_res,Falda_de_res,Milanesa_de_res
2I,Cafe_tostado_y_molido,Cafe_soluble,Jarabe_p.preparar_bebidas,Jarabe_p.preparar_bebidas,Azucar,Azucar,Azucar,Azucar,Miel_de_abeja,Miel_de_abeja,Miel_de_abeja,Miel_de_abeja,Bebida_energetica,Bebida_energetica,Polvo_p.preparar_bebidas,Polvo_p.preparar_bebidas,Te
2D,Galletas,Galletas,Galletas_dulces,Galletas_dulces,Galletas_dulces,Galletas_dulces,Galletas_populares,Harina_de_trigo,Harina_de_trigo,Harina_de_trigo,Harina_de_trigo,Harina_de_trigo,Pasta_para_sopa,Pasta_para_sopa,Tortilla_de_harina_de_trigo,Tortilla_de_harina_de_trigo,Tortilla_de_harina_de_trigo
3I,Pan_de_caja,Pan_de_caja,Pan_de_caja,Pan_de_caja,Harina_hot_cakes,Harina_hot_cakes,Harina_hot_cakes,Harina_hot_cakes,Pan_de_caja,Pan_tostado,Pan_tostado,Pan_tostado,Pan_tostado,Pan_tostado,Pastelillos,Pastelillos,Pastelillos
3D,Cintilla,Calamar,Calamar,Boqueron,Boqueron,Boqueron,Boqueron,Blanco_Nilo,Langosta,Callo_de_hacha,Callo_de_hacha,Callo_de_hacha,Carpa,Carpa,Carpa,Carpa,Carpa
4I,Desodorante,Desodorante,Desodorante,Champu_para_bebes,Champu_para_bebes,Champu_para_bebes,Champu_para_bebes,Crema_dental,Crema_dental,Crema_dental,Crema_dental,Champu,Champu,Champu,Champu,Crema_liquida,Crema_solida
4D,Crema_solida,Crema_solida,Acondicionador_._enjuague,Acondicionador_._enjuague,Acondicionador_._enjuague,Jabon_de_tocador,Jabon_de_tocador,Panales_desechables,Panales_desechables,Panales_desechables,Toallita_humeda_limpiadora,Toallita_humeda_limpiadora,Repuestos_de_navajas,Repuestos_de_navajas,Repuestos_de_navajas,Repuestos_de_navajas,Repuestos_de_navajas
5I,Acelga,Acelga,Acelga,Ciruela,Avellana,Avellana,Avellana,Fresa,Ciruela,Ciruela,Ciruela,Cebolla,Cebolla,Almendras,Almendras,Almendras,Castanas
5D,Palta,Palta,Palta,Palta,Alcachofa,Alcachofa,Alcachofa,Granada,Granada,Granada,Granada,Betarraga,Betarraga,Betarraga,Pera,Pera,Pera
6I,Pepino,Pepino,Ajo,Lechuga,Nuez,Alcaparra,Alcaparra,Kiwi,Papa,Pina,Apio,Durazno,Durazno,Durazno,Espinacas,Espinacas,Espinacas
6D,Mango,Mango,Frijoles,Frijoles,Calabaza,Calabaza,Papaya,Limon,Limon,Brocoli,Champinon,Champinon,Lima,Pimiento,Mandarina,Mandarina,Mandarina
7I,Coliflor,Coliflor,Coliflor,Coliflor,Manzana,Manzana,Manzana,Ciruela_pasa,Ciruela_pasa,Ciruela_pasa,Naranja,Naranja,Pasa_.Uva_pasa.,Pasa_.Uva_pasa.,Pasa_.Uva_pasa.,Melon,Melon
7D,Aceite,Aceite_de_oliva,Grasa_comestible,Grasa_comestible,Grasa_comestible,Manteca,Manteca,Manteca_de_cerdo,Manteca_de_cerdo,Margarina,Margarina,Margarina,Margarina,Margarina_light,Margarina_light,Margarina_light,Margarina_light
8I,Hojas_de_perejil,Hojas_de_perejil,Pimienta,Concentrado_de_pollo,Concentrado_de_pollo,Concentrado_de_pollo,Concentrado_de_pollo,Mayonesa,Mayonesa,Mayonesa,Mayonesa,Mayonesa,Clavo,Salsa_picante,Salsa_de_soya,Salsa_de_soya,Salsa_de_soya
8D,Mostaza,Mostaza,Salsa_catsup,Salsa_catsup,Ajonjoli,Ajonjoli,Canela,Canela,Canela,Canela,Canela,Polvo_p.hornear,Polvo_p.hornear,Sopa_y_crema,Vinagre,Vinagre,Vinagre
9I,Res,Res,Res,Higado_de_res,Pernil,Pernil,Pernil,Pernil,Pernil,Milanesa_de_cerdo,Milanesa_de_cerdo,Milanesa_de_cerdo,Carnes_molida_de_cerdo,Retazo_hueso_de_res,Retazo_hueso_de_res,Retazo_hueso_de_res,Retazo_hueso_de_res
9D,Pechuga_de_pollo,Lomo_de_cerdo,Bistec_de_espaldilla_de_res,Bistec_de_espaldilla_de_res,Bistec_de_espaldilla_de_res,Cerdo,Cerdo,Cerdo,Cerdo,Panza_de_res,Panza_de_res,Panza_de_res,Panza_de_res,Panza_de_res,Cabeza_de_cerdo,Cabeza_de_cerdo,Cabeza_de_cerdo
10I,Pavo,Pavo,Pavo,Pollo,Pollo,Pollo,Pollo,Pollo,Pierna_de_pollo,Pierna_de_pollo,Pierna_de_pollo,Pierna_de_pollo,Pierna_de_pollo,Pollo_entero,Pollo_entero,Pollo_entero,Pollo_entero
10D,Jamon,Jamon,Jamon,Salami,Longaniza,Longaniza,Longaniza,Tocino,Tocino,Tocino,Tocino,Pate,Queso_de_puerco,Queso_de_puerco,Queso_de_puerco,Queso_de_puerco,Queso_de_puerco
11I,Pastel_pimiento,Mortadela,jamon_de_pavo,jamon_de_pavo,jamon_de_pavo,jamon_de_pavo,jamon_de_pavo,Pastel_pimiento,Salchicha,Salchicha,Salchicha,Salchicha,Salchicha,Chorizo,Chorizo,Chorizo,Chorizo
11D,Charal,Charal,Huachinango,Huachinango,Huachinango,Huachinango,Huachinango,Bacalao,Bacalao,Bacalao,Bacalao,Camaron,Camaron,Cazon,Cazon,Cazon,Cazon
12I,Curvina,Curvina,Atun,Atun,Curvina,Curvina,Curvina,Jaiba,Jaiba,Jaiba,Jaiba,Almeja,Gurrubata,Gurrubata,Gurrubata,Gurrubata,Gurrubata
12D,Rastrillos_desechables,Rastrillos_desechables,Rastrillos_desechables,Rastrillos_desechables,Rastrillos_desechables,Toalla_femenina,Toalla_femenina,Toalla_femenina,Toalla_femenina,Toalla_femenina,Tinte_para_el_cabello,Tinte_para_el_cabello,Tinte_para_el_cabello,Tinte_para_el_cabello,Tinte_para_el_cabello,Papel_higienico,Papel_higienico
13I,Barra_limpiadora,Barra_limpiadora,Barra_limpiadora,Detergente_ropa,Insecticida_aerosol,Insecticida_aerosol,Detergente_ropa_polvo,Detergente_ropa_polvo,Jabon_limpiador,Jabon_limpiador,Limpiador_liquido,Limpiador_liquido,Jabon_de_pasta,Limpiador_liquido_piso,Toalla_de_papel,Toalla_de_papel,Toalla_de_papel
13D,Acondicionador_de_telas,Detergente_ropa_liquido,Detergente_ropa_liquido,Detergente_ropa_liquido,Detergente_ropa_liquido,Detergente_trastes,Servilletas_de_papel,Servilletas_de_papel,Servilletas_de_papel,Servilletas_de_papel,Suavizante_ropa,Suavizante_ropa,Suavizante_ropa,Suavizante_ropa,Blanqueador,Blanqueador,Blanqueador
14I,Pina,Pina,Platano,Platano,Platano,Platano,Tomate,Tomate,Tomate,Tuna,Tuna,Tuna,Tuna,Tuna,Rabano,Rabano,Rabano
14D,Tomate,Tomate,Uva,Uva,Uva,Uva,Uva,Zanahoria,Zanahoria,Zanahoria,Zanahoria,Zanahoria,Sandia,Sandia,Sandia,Sandia,Sandia
15I,Cerveza,Refresco,Rompope,Rompope,Rompope,Sidra,Sidra,Sidra,Sidra,Sidra,Jugo_de_fruta,Jugo_de_fruta,Agua_con_gas,Agua_con_gas,Agua_con_gas,Agua_con_gas,Agua_con_gas
15D,Jerez,Jerez,Jerez,Bebida_hidratante,Bebida_hidratante,Bebida_hidratante,Bebida_hidratante,Bebida_hidratante,Agua_sin_gas,Agua_sin_gas,Agua_sin_gas,Agua_sin_gas,Agua_sin_gas,Vino_de_mesa,Vino_de_mesa,Vino_de_mesa,Vino_de_mesa
16I,Cochinita_pibil,Salsa,Salsa,Chilorio,Chilorio,Chilorio,Chilorio,Chilorio,Salsa_mexicana,Condimento_de_achiote,Condimento_de_achiote,Condimento_de_achiote,Salsa_inglesa,Salsa_inglesa,Salsa_inglesa,Salsa_inglesa,Salsa_inglesa
16D,Salsa_de_chile,Salsa_de_chile,Salsa_de_chile,Sal,Sal,Sal,Sal,Sal,Sal_molida_de_mesa,Sal_molida_de_mesa,Mole_rojo_en_pasta,Mole_rojo_en_pasta,Mole_rojo_en_pasta,Mole_rojo_en_pasta,Vainilla,Vainilla,Vainilla
17I,Queso_gauda,Queso_gauda,Queso_gauda,Queso_gauda,Queso_gauda,Queso_mantecosi,Queso_mantecosi,Queso_mantecosi,Queso_blanco,Queso_blanco,Queso_blanco,Queso_blanco,Queso_blanco,Leche_pasteurizada,Leche_pasteurizada,Leche_pasteurizada,Leche_pasteurizada
17D,Mantequilla,Crema,Crema,Crema,Huevo,Huevo,Huevo,Huevo,Huevo,Crema_batida,Crema_batida,Crema_batida,Crema_batida,Crema_batida,Leche_condensada,Leche_condensada,Leche_condensada
18I,Yoghurt,Yoghurt,Yoghurt,Leche_en_polvo,Leche_en_polvo,Leche_en_polvo,Leche_en_polvo,Leche_en_polvo,Leche_evaporada,Leche_evaporada,Mantequilla,Mantequilla,Mantequilla,Mantequilla,Leche_ultrapasteurizada,Leche_ultrapasteurizada,Leche_ultrapasteurizada
18D,Chocolate_en_tablillas,Chandell,Chandell,Praline,Praline,Praline,Colacion,Turron,Turron,Polvo_bebida_sabor_chocolate,Torta_Imperial,Flan,Flan,Gelatina_en_polvo,Gelatina_en_polvo,Manjarate,Postre_estilo_flan
19I,Poroto,Garbanzo,Garbanzo,Garbanzo,Garbanzo,Haba,Haba,Haba,Haba,Lenteja,Lenteja,Lenteja,Lenteja,Lenteja
19D,Arroz,Avena,Avena,Avena,Avena,Cereal_mixto,Cereal_mixto,Cereal_mixto,Harina_de_arroz,Harina_de_arroz,Harina_de_arroz,Harina_de_arroz,Harina_de_arroz
